product_id,product_name,category,unit_price,supplier_code
0.0,Quality,Electronics,846,SUP1
1.0,Himself,Electronics,,
2.0,Nature,,invalid,
3.0,Author,electronics,invalid,
4.0,Detail,HOME,invalid,
5.0,Prevent,electronics,,SUP1
6.0,Those,electronics,756,SUP2
7.0,Thing,Home,684.2153390335731,SUP2
8.0,Point,HOME,invalid,
9.0,Week,Electronics,invalid,
10.0,Money,electronics,invalid,
11.0,Poor,electronics,,
12.0,Next,electronics,373,SUP1
,Protect,electronics,466,SUP1
14.0,Maintain,HOME,,SUP1
15.0,Quickly,HOME,,
16.0,She,HOME,,SUP1
17.0,Personal,Home,invalid,
18.0,Themselves,,725,
19.0,Laugh,,invalid,SUP1
20.0,Interesting,Home,787.5430065823033,
21.0,Likely,HOME,invalid,SUP1
22.0,Exactly,HOME,,SUP1
23.0,Spend,,,
24.0,Natural,Electronics,,SUP1
25.0,Region,HOME,invalid,
26.0,Necessary,electronics,407,SUP2
,Customer,Home,343.73311832790216,SUP2
28.0,Bag,Home,359.70827590154295,SUP2
29.0,Put,,,SUP1
30.0,Institution,HOME,,
31.0,Computer,Home,963,
32.0,Present,electronics,,
33.0,Pull,HOME,840.0619790478756,
34.0,Memory,HOME,109.75185930768667,
35.0,Crime,HOME,92.38050027970404,SUP2
36.0,Stay,HOME,invalid,
37.0,Method,HOME,356,
38.0,Road,HOME,610.9774620778188,
39.0,Develop,Electronics,invalid,SUP2
40.0,Real,Home,,
41.0,Bad,electronics,,SUP2
42.0,Knowledge,electronics,invalid,
43.0,Item,,607.4532120842249,SUP1
44.0,Dinner,HOME,invalid,SUP1
45.0,Structure,,invalid,
46.0,Minute,HOME,451.2547423234317,SUP2
47.0,Memory,,invalid,
48.0,Example,,700,SUP1
49.0,Himself,Electronics,invalid,SUP2
50.0,Relate,electronics,invalid,SUP1
,Someone,HOME,981,
52.0,Camera,Electronics,,SUP1
53.0,Also,Home,invalid,SUP2
54.0,Hold,Home,603,
55.0,Bit,,,SUP1
56.0,Evidence,Home,248.99519458687834,SUP1
57.0,Idea,HOME,,
58.0,Yourself,HOME,,
59.0,Simple,Home,207.28267877075305,
60.0,Husband,Home,370.592483853776,SUP2
61.0,Eight,,526,
62.0,Become,electronics,invalid,SUP1
63.0,Majority,Home,invalid,SUP1
64.0,Future,HOME,invalid,SUP2
65.0,News,HOME,,SUP1
66.0,Create,,,
67.0,Which,HOME,,
68.0,Skin,Electronics,invalid,
69.0,Congress,HOME,347,
70.0,Range,Home,invalid,SUP2
71.0,Treatment,HOME,,SUP1
72.0,Audience,Electronics,,SUP1
73.0,Explain,electronics,613.7946561062982,
74.0,Vote,electronics,939,
75.0,Writer,electronics,,
76.0,Dog,Home,880.1945020953465,SUP2
77.0,Upon,,invalid,SUP1
78.0,Respond,electronics,,SUP2
79.0,Production,electronics,invalid,
80.0,Reflect,Home,invalid,SUP1
81.0,Carry,Electronics,invalid,
82.0,Still,,154.23822331903827,SUP2
83.0,Throw,Electronics,339.78811789712364,SUP2
84.0,Heart,Electronics,776.0997032538286,SUP2
85.0,School,Home,invalid,
86.0,National,Home,177,SUP2
87.0,Range,Home,,
88.0,Career,Electronics,invalid,SUP1
89.0,Question,Home,,
90.0,Enter,Home,invalid,SUP2
91.0,Near,HOME,invalid,SUP2
92.0,Executive,,702.0716030719354,SUP1
93.0,Cost,,,
94.0,Such,Home,,
95.0,Almost,,30,SUP1
96.0,Family,Home,,
97.0,Floor,Home,,
98.0,Choice,,138.57709696072064,
99.0,Money,Electronics,262.64923550433014,SUP1
100.0,Employee,electronics,780,SUP2
101.0,Visit,,invalid,SUP2
,Inside,,46.52543519870701,SUP1
103.0,Add,HOME,947,
104.0,Form,Electronics,invalid,SUP1
105.0,Training,HOME,691.6278962060817,SUP2
106.0,Exactly,HOME,922,SUP2
107.0,Receive,Home,invalid,SUP2
108.0,Ask,electronics,invalid,SUP2
109.0,Anyone,,600,SUP1
110.0,Hot,HOME,162,SUP2
111.0,Radio,Home,invalid,
112.0,Yourself,electronics,608,SUP1
113.0,Number,electronics,,SUP1
,Wide,,39.51864905600742,SUP1
115.0,Wish,electronics,,SUP2
116.0,Friend,Home,326,
117.0,Read,Electronics,209.3768170543937,
118.0,Live,,680,SUP1
119.0,Give,Home,,SUP1
120.0,Cut,electronics,,SUP1
,Already,electronics,,SUP2
122.0,Its,electronics,733.837816105733,SUP1
123.0,Nearly,HOME,557,
124.0,First,Electronics,,
125.0,Cut,Home,,SUP2
126.0,Want,,924.3355976741537,SUP2
127.0,Able,Electronics,,SUP2
128.0,Citizen,,invalid,SUP2
129.0,Attack,Electronics,432,SUP1
130.0,Network,Electronics,571.5308051911038,SUP1
,Significant,Home,,
132.0,Speak,Electronics,,SUP2
133.0,Real,Electronics,895.5868548777274,
134.0,Southern,Home,,SUP1
135.0,Company,Home,,SUP2
136.0,Six,Electronics,invalid,SUP1
137.0,Pass,electronics,,SUP1
138.0,Control,,,SUP2
139.0,Same,HOME,699,SUP2
140.0,Assume,,850.1098008331003,SUP2
141.0,Officer,,566,SUP1
142.0,Alone,electronics,811,
143.0,Hotel,electronics,173,SUP2
144.0,Public,Electronics,,SUP1
145.0,Travel,Home,900,SUP2
146.0,True,Electronics,699.6928841408251,SUP1
147.0,Middle,HOME,154.2858444948593,SUP1
148.0,Simple,electronics,206.83593235915396,
149.0,Soon,Electronics,566,SUP2
150.0,Tv,HOME,224,SUP2
151.0,Nothing,electronics,814,SUP2
,Knowledge,Electronics,,SUP1
153.0,Marriage,,223,
154.0,Serious,electronics,invalid,SUP1
155.0,Of,electronics,,SUP2
156.0,Eat,HOME,,SUP2
157.0,Red,Home,205,
158.0,Teacher,Home,invalid,
159.0,West,electronics,,
160.0,Maybe,Home,452,SUP1
161.0,Book,HOME,884,SUP2
162.0,Particular,electronics,684,
163.0,Everybody,Electronics,156,
164.0,Product,Electronics,625,SUP2
,Since,Home,541,SUP1
166.0,Trouble,Home,487.3379489305163,SUP1
167.0,Ready,,517,SUP1
168.0,Garden,electronics,invalid,SUP2
,Light,Electronics,,SUP1
170.0,Debate,HOME,,SUP2
171.0,Sea,Home,,
172.0,Wait,,invalid,SUP1
,Business,electronics,invalid,
174.0,Last,electronics,521,SUP2
175.0,Former,Home,286,SUP2
176.0,Media,electronics,676.4282088909232,SUP2
,Cell,Electronics,invalid,SUP2
178.0,Brother,Home,49.04773850762305,SUP2
179.0,Character,Electronics,440,
180.0,Apply,,,
181.0,Wife,electronics,,
182.0,Not,Home,756.6649279576246,SUP1
183.0,Wind,HOME,invalid,SUP1
184.0,Energy,Home,779,SUP1
,Organization,Home,540.0543740604058,SUP2
186.0,Future,electronics,invalid,SUP2
187.0,He,electronics,invalid,SUP1
188.0,Cultural,HOME,invalid,SUP1
189.0,Return,Home,,SUP2
190.0,Player,Home,invalid,SUP2
191.0,Save,Home,712.5538553586955,SUP1
192.0,See,,829.5923963472394,SUP1
193.0,Or,Home,invalid,
194.0,Term,Electronics,,SUP1
195.0,Owner,HOME,,SUP1
196.0,Generation,Home,invalid,SUP1
197.0,Then,,,
198.0,Green,Electronics,302.647233873734,SUP2
199.0,Side,Electronics,232,
200.0,Product,HOME,409,SUP2
201.0,Attorney,Electronics,627,SUP1
202.0,Huge,electronics,,SUP2
203.0,Agency,,,SUP1
,Save,Home,invalid,SUP1
205.0,Face,HOME,invalid,SUP2
206.0,Star,Home,invalid,
207.0,Young,,858,SUP1
208.0,Behind,Electronics,,SUP1
209.0,Around,Home,invalid,SUP2
210.0,Successful,Home,invalid,SUP2
211.0,Now,Home,,SUP1
212.0,Very,electronics,,SUP2
213.0,Money,electronics,583,
214.0,Policy,electronics,,
215.0,Crime,Home,invalid,SUP2
216.0,Common,Home,,SUP1
217.0,Simple,HOME,248.0710899570988,
218.0,Land,electronics,663,
,Bed,electronics,556,
220.0,Scientist,,,
221.0,Foot,Home,invalid,
222.0,Mrs,electronics,invalid,
223.0,Relate,Home,209,SUP2
224.0,Weight,HOME,832.4991412217045,SUP2
225.0,Rock,HOME,,SUP2
,Case,Electronics,160.5738454256307,SUP1
227.0,From,electronics,,
228.0,Answer,Home,,SUP2
229.0,Generation,HOME,invalid,SUP1
230.0,Organization,HOME,198,SUP1
231.0,Air,,invalid,SUP2
232.0,Training,,invalid,SUP1
233.0,Pass,Home,535,
234.0,Least,Electronics,993.904847157673,SUP1
235.0,My,,,SUP1
236.0,Ability,Home,837.5954740193412,SUP1
237.0,Traditional,electronics,,SUP2
238.0,Cut,,invalid,SUP2
,Skill,HOME,invalid,
240.0,Interview,Electronics,393.7524955757607,SUP2
241.0,Three,Electronics,invalid,SUP2
242.0,Development,electronics,invalid,SUP2
243.0,But,,invalid,SUP1
244.0,Before,,invalid,SUP2
245.0,Game,Electronics,,
246.0,Put,,80.44932526965505,SUP2
247.0,Let,Electronics,27,SUP1
248.0,Thought,Electronics,invalid,
249.0,Tough,HOME,866,SUP1
250.0,Agent,electronics,228,
251.0,Guess,electronics,invalid,SUP1
252.0,Eight,HOME,invalid,SUP2
253.0,Analysis,HOME,,
254.0,Really,HOME,,
255.0,Writer,Electronics,,SUP2
256.0,Arm,Electronics,725.8659437727965,SUP2
257.0,Do,electronics,invalid,SUP2
258.0,Huge,Home,,
259.0,Business,,521.6200367855049,SUP2
260.0,Side,Electronics,,
261.0,Apply,HOME,,SUP2
262.0,Into,electronics,,SUP2
263.0,Particular,HOME,,
264.0,Before,,879,SUP2
265.0,Statement,,invalid,SUP1
266.0,Land,Home,,SUP2
267.0,His,HOME,,SUP2
,Quite,electronics,,
269.0,Design,HOME,,SUP1
270.0,Appear,Home,,SUP2
271.0,Run,electronics,invalid,
272.0,Mrs,HOME,,
273.0,Huge,HOME,,SUP1
274.0,Parent,Home,,SUP1
275.0,Together,,invalid,
276.0,South,electronics,,SUP2
277.0,Hundred,electronics,737,SUP2
278.0,Choose,,invalid,
279.0,Gun,Electronics,,SUP1
280.0,Take,Home,,SUP1
281.0,Upon,,,
282.0,Chance,,814,
283.0,Whose,,invalid,SUP2
284.0,Effect,Electronics,450,SUP1
285.0,Something,electronics,767,SUP1
286.0,Page,Home,382,
287.0,Economy,Electronics,810,SUP1
288.0,Wear,HOME,572,SUP1
289.0,Wear,,270.3440315199688,SUP1
290.0,Last,,,
291.0,Test,HOME,429.8545202824444,
292.0,Voice,electronics,590.8986240098578,
293.0,Job,Home,invalid,SUP2
294.0,Parent,electronics,,
295.0,Tree,Home,invalid,SUP1
296.0,Standard,Home,,
297.0,Professional,,686.9412667816101,
298.0,Able,Electronics,143,
299.0,Treat,Home,invalid,SUP1
300.0,Add,Home,874,
301.0,Section,,,SUP2
302.0,Example,Electronics,470,
303.0,And,Electronics,185,SUP2
304.0,Deal,,416.19345059154574,SUP2
305.0,Brother,,531,SUP2
306.0,In,Electronics,invalid,SUP1
307.0,Movement,Home,149,SUP1
308.0,Walk,Electronics,,SUP2
309.0,Design,HOME,958,SUP2
310.0,Old,,invalid,
311.0,Skill,,invalid,SUP1
312.0,Indeed,HOME,invalid,SUP2
313.0,More,HOME,invalid,SUP2
314.0,Effect,Home,invalid,
315.0,Design,HOME,248,SUP2
316.0,Turn,Electronics,invalid,
317.0,Better,HOME,718.7780324796136,
318.0,Paper,Electronics,invalid,SUP1
319.0,End,,,SUP1
320.0,Others,electronics,invalid,
321.0,Score,electronics,395,SUP1
322.0,Above,,835.0113117367908,
323.0,Down,electronics,551,SUP2
324.0,Majority,Electronics,,SUP1
325.0,Total,Home,651.1911329545477,SUP1
326.0,Peace,Electronics,,
327.0,Population,Home,423.1755647204374,SUP2
328.0,Especially,electronics,invalid,
329.0,Miss,electronics,742,
330.0,Ready,Electronics,invalid,SUP1
331.0,Field,,,SUP1
332.0,Question,,invalid,SUP1
333.0,Cost,Electronics,883,SUP2
334.0,Consider,Electronics,44.11764656584063,
335.0,Black,electronics,89.88991491741159,
336.0,Among,,invalid,
337.0,Single,Home,178,
338.0,Value,HOME,invalid,
339.0,Loss,Electronics,invalid,SUP2
340.0,Major,Home,306.0532858093642,SUP2
341.0,Address,Electronics,,SUP1
342.0,Hope,HOME,,SUP2
343.0,What,,648,
344.0,Whose,,invalid,SUP2
345.0,Learn,electronics,156.57315006320422,
346.0,Rather,Electronics,invalid,
347.0,Pull,Home,invalid,
348.0,Even,Home,,
349.0,Rock,Electronics,228.90125653367988,
350.0,Dream,Home,54,SUP1
351.0,Thus,Electronics,invalid,
352.0,Either,Home,,
353.0,Either,,invalid,
354.0,Technology,electronics,,
355.0,Skill,Home,invalid,
356.0,Whom,HOME,370,SUP1
357.0,Than,HOME,invalid,SUP1
358.0,Mrs,HOME,,
359.0,Throw,Home,609.5222927496845,SUP2
360.0,Father,Home,,SUP2
361.0,Same,,293,SUP1
,Film,Home,,SUP1
363.0,Standard,electronics,invalid,SUP2
364.0,Clearly,Electronics,484.7864688901777,SUP1
365.0,Public,HOME,,SUP2
366.0,Back,HOME,invalid,SUP2
,Stop,Electronics,invalid,SUP2
368.0,Gas,HOME,,SUP2
369.0,Public,,,
370.0,Above,,,
371.0,Wait,electronics,invalid,SUP1
372.0,Business,,117.44641013041556,SUP2
373.0,Within,electronics,invalid,SUP1
374.0,Successful,,invalid,
375.0,People,Home,48,SUP1
376.0,Door,,949,
377.0,Above,,304,SUP2
378.0,Onto,,609.3515124879791,
379.0,Investment,,invalid,
,Tv,,invalid,SUP2
381.0,Officer,electronics,,SUP2
382.0,Guy,HOME,,SUP2
383.0,Daughter,Electronics,invalid,SUP2
384.0,High,electronics,,SUP2
385.0,Meeting,Home,857,SUP1
386.0,May,electronics,,
387.0,Improve,HOME,invalid,SUP1
388.0,Wrong,electronics,127.1195495288634,
389.0,Lawyer,electronics,invalid,SUP1
390.0,None,HOME,567,SUP1
391.0,Area,Electronics,invalid,
392.0,Home,,686.1979048743514,SUP2
393.0,Especially,,,
394.0,Soldier,Electronics,invalid,SUP2
395.0,Area,Home,122,
396.0,Control,electronics,145,SUP2
397.0,Continue,,invalid,SUP1
,Budget,HOME,946.5106186522403,
399.0,Reach,Electronics,243.68324181381192,SUP1
400.0,Partner,electronics,326.8926345154161,SUP1
401.0,Officer,Electronics,,SUP2
402.0,Central,Electronics,,SUP1
403.0,Project,,280.27701519933123,SUP2
404.0,Bill,electronics,invalid,
405.0,Magazine,Electronics,587.3382899900851,SUP1
406.0,Prove,electronics,,SUP1
407.0,Bill,electronics,695.0562340653269,
408.0,Certain,electronics,394.9871555808364,SUP1
409.0,Parent,Electronics,740,SUP1
410.0,Score,Home,772,
411.0,Attorney,Home,600,SUP1
412.0,Forward,HOME,392,
413.0,Social,electronics,invalid,SUP1
414.0,Bit,Home,879,SUP1
415.0,Hand,electronics,,SUP1
416.0,Reveal,Home,invalid,
417.0,Director,HOME,234.1222988397834,
418.0,Site,HOME,invalid,SUP1
419.0,Commercial,Home,invalid,SUP2
420.0,Fall,,189.83634073715757,
421.0,Glass,Home,,SUP1
422.0,Contain,Home,invalid,SUP1
423.0,Laugh,Home,155.8519923823922,SUP2
424.0,Guy,Electronics,,SUP1
425.0,Region,,,SUP1
426.0,Bill,,462.41507112383994,
427.0,Four,Electronics,741.7544805036371,SUP1
428.0,Test,electronics,150,SUP1
429.0,Election,,449,
430.0,Hand,,,SUP1
431.0,Free,Home,84,SUP1
432.0,High,electronics,,SUP1
433.0,Since,,,
434.0,Determine,HOME,218,
435.0,Right,HOME,426,
436.0,Idea,Electronics,,SUP2
437.0,Read,HOME,262,SUP2
438.0,Reduce,HOME,invalid,SUP1
439.0,Party,Home,316,SUP2
440.0,Old,Electronics,782,
441.0,Charge,HOME,759,
442.0,Industry,HOME,,
443.0,Husband,,756.753897651725,SUP2
444.0,Side,Home,877.9570947025923,SUP2
445.0,Learn,,,
446.0,Month,HOME,invalid,SUP1
447.0,Bad,electronics,683,
448.0,Election,electronics,558,SUP1
449.0,Source,,,
450.0,West,HOME,,SUP1
451.0,Reason,,,SUP2
452.0,Page,Home,224,SUP1
,Test,electronics,,SUP1
454.0,Read,Electronics,,SUP2
455.0,Manager,Home,,SUP2
456.0,Spend,electronics,invalid,SUP2
457.0,Most,electronics,,SUP1
458.0,Young,electronics,464,
459.0,We,Electronics,,SUP1
460.0,Create,HOME,invalid,SUP1
461.0,Few,,118.86110866270337,
462.0,Ability,electronics,591,SUP2
463.0,Control,HOME,386,SUP1
464.0,Available,,389,SUP1
465.0,Source,HOME,309,SUP1
466.0,Include,HOME,139.24635567541657,SUP2
467.0,Authority,electronics,52.013513547110875,SUP2
468.0,Range,electronics,165.34367948317012,
469.0,Once,,invalid,
470.0,Wrong,Electronics,invalid,
471.0,Property,Electronics,110,SUP2
472.0,Fact,HOME,invalid,SUP1
473.0,Since,,708.8784609638425,SUP2
474.0,Dinner,,,SUP1
475.0,Simply,electronics,,
476.0,Add,Electronics,invalid,SUP1
477.0,Source,,invalid,
478.0,Activity,HOME,invalid,
479.0,Quickly,electronics,360,
480.0,None,Electronics,invalid,
481.0,Safe,Electronics,,
482.0,Game,,,SUP2
483.0,Language,Home,,SUP1
484.0,Discover,,203,SUP1
485.0,Television,electronics,,SUP1
486.0,Technology,Home,550,
487.0,Base,Electronics,745.1682064188689,SUP1
488.0,Work,Electronics,invalid,SUP2
489.0,Wait,Electronics,invalid,SUP1
490.0,Red,electronics,357.3712859341296,SUP2
491.0,Far,Electronics,,
492.0,Hard,HOME,624,
493.0,Sense,HOME,invalid,SUP1
494.0,Product,HOME,,SUP1
495.0,Value,Electronics,invalid,SUP2
496.0,With,Electronics,636,SUP1
497.0,Arrive,,invalid,
498.0,Government,Electronics,invalid,SUP2
499.0,Local,HOME,831.6478529926752,
500.0,Officer,,,SUP1
501.0,Movement,HOME,971,
,Read,,invalid,SUP1
503.0,Morning,electronics,invalid,SUP2
504.0,Tv,HOME,,SUP1
505.0,Parent,Home,357,SUP1
506.0,Not,HOME,invalid,
507.0,Benefit,Electronics,893.3792432311469,
508.0,Rest,Electronics,150,
509.0,Economic,Home,,SUP1
510.0,Page,,,
511.0,Time,electronics,418,SUP1
512.0,Try,Electronics,380.0361486842321,SUP2
513.0,Beat,Electronics,,SUP1
514.0,List,Electronics,,
515.0,Important,HOME,136,
516.0,Fine,Electronics,515,SUP2
517.0,Own,,,SUP2
518.0,Use,Electronics,636.289173236496,SUP1
519.0,Own,Electronics,860,SUP1
520.0,Change,HOME,invalid,SUP1
521.0,Nor,electronics,,SUP2
522.0,Mr,Electronics,,
523.0,Care,Home,invalid,
524.0,Perform,Electronics,286,SUP2
525.0,Although,electronics,580.2500305835233,SUP1
526.0,Several,Electronics,425,
527.0,Manage,,436.5924930213933,
528.0,Late,electronics,740.0461172642543,SUP2
529.0,Imagine,Electronics,259.5765852128678,
530.0,Which,,568.5545278611443,SUP2
531.0,Thank,Electronics,invalid,SUP1
532.0,Can,electronics,314.31580602508683,
533.0,Point,HOME,invalid,
534.0,Clearly,,invalid,
535.0,Exactly,,157.43280618144476,SUP1
536.0,Short,Home,,SUP2
537.0,Accept,HOME,310,
538.0,Prove,Electronics,,
539.0,Through,electronics,598.803124327504,SUP1
540.0,Oil,electronics,,SUP2
541.0,Effect,HOME,653,SUP1
542.0,Resource,,invalid,SUP1
,Their,electronics,587.1983731160127,SUP2
544.0,Design,,,SUP2
545.0,Nor,Electronics,246,SUP1
546.0,Per,electronics,204.62979044186736,SUP1
547.0,No,HOME,913.8488163604405,SUP2
548.0,Forget,Home,invalid,
549.0,Send,Electronics,,SUP1
550.0,Southern,Home,592,SUP1
551.0,Speak,Home,877,
552.0,Collection,HOME,invalid,
553.0,Be,Home,320.92736269689,SUP1
554.0,Option,,,
555.0,Significant,Electronics,82,SUP1
556.0,Something,electronics,943.6819865551229,SUP1
557.0,Else,Electronics,invalid,SUP2
558.0,Explain,Electronics,569.8294307347481,SUP2
559.0,Ask,electronics,320.4515395447625,SUP2
,Across,Electronics,320.04098168823833,
,Try,electronics,invalid,
562.0,Of,electronics,invalid,SUP2
,Owner,Home,,SUP2
564.0,Memory,electronics,755.7797985264091,SUP1
565.0,Relationship,electronics,,SUP1
566.0,Door,,,SUP1
567.0,Consumer,electronics,847,SUP1
568.0,Bed,Home,46.490915800118366,SUP1
569.0,Next,HOME,,SUP1
570.0,Represent,Home,268,SUP1
571.0,Everyone,HOME,358,
572.0,Center,HOME,,SUP1
573.0,Remain,Home,,SUP1
574.0,People,electronics,invalid,SUP2
575.0,Remember,electronics,391.08955726638277,SUP1
576.0,Eat,Home,,SUP2
577.0,Produce,,228.58618361129322,
578.0,Life,HOME,703,
579.0,Whose,HOME,invalid,
580.0,Popular,Home,,
581.0,Business,electronics,invalid,SUP2
582.0,Remember,electronics,,SUP2
583.0,Beat,HOME,853,SUP2
584.0,Whom,HOME,,SUP1
,Window,,826.829459780661,SUP2
586.0,Cause,,,
587.0,Now,,invalid,SUP2
588.0,Heavy,Electronics,,SUP1
589.0,Young,Electronics,invalid,SUP2
590.0,Training,,744,SUP1
591.0,National,HOME,651.9723053798292,SUP2
,As,Electronics,,SUP1
593.0,Open,electronics,,SUP2
594.0,Ago,HOME,invalid,
595.0,Behavior,HOME,invalid,SUP2
596.0,Town,Home,,SUP2
597.0,Citizen,HOME,768,
598.0,Teacher,Electronics,,
599.0,Man,HOME,invalid,SUP1
,Name,Home,,SUP2
601.0,Interesting,Home,,
602.0,Finally,Home,981,
603.0,Trade,electronics,874.1531822489692,SUP2
604.0,Pay,,,SUP2
605.0,Play,,18,SUP2
606.0,Task,electronics,40.11004109132777,SUP1
607.0,Main,electronics,516,SUP1
608.0,North,Home,,
609.0,Lawyer,HOME,864.8181084737622,
610.0,Hard,Home,invalid,SUP1
611.0,Start,electronics,564.5508274149797,
612.0,Particular,Electronics,156,SUP1
613.0,True,,506.9938282526399,SUP1
614.0,Standard,electronics,258.3069106502961,
615.0,What,Home,200,
616.0,Per,electronics,432.1908124877558,
617.0,Others,Home,,
618.0,Let,Electronics,,
619.0,Education,HOME,,SUP1
620.0,Voice,Home,635,
621.0,Kind,Electronics,invalid,
622.0,Foot,,,SUP1
623.0,Indicate,electronics,976.0962609185824,
624.0,Stop,Electronics,154,SUP1
625.0,Much,,146,SUP2
626.0,Girl,electronics,,
627.0,Subject,electronics,691,
628.0,Mean,Home,invalid,
629.0,Majority,Electronics,,SUP2
630.0,Gun,Home,273.9553443479105,SUP1
631.0,Success,Electronics,786.1091657541981,
632.0,Customer,HOME,859.6688074481,
633.0,Billion,electronics,946,SUP1
634.0,Year,Electronics,754.348879725861,SUP1
635.0,One,HOME,157.95440536956545,
636.0,Wife,electronics,719.7260740572774,SUP1
637.0,Free,electronics,11,SUP1
638.0,Consumer,HOME,925,SUP1
639.0,Including,electronics,,SUP1
640.0,Believe,electronics,418,SUP1
641.0,Later,,,SUP2
642.0,Experience,Home,246.83498928012992,SUP1
643.0,Seem,,invalid,SUP1
644.0,Lot,Home,invalid,SUP1
645.0,Republican,electronics,108.96391502720265,SUP2
646.0,Course,Home,292,
647.0,Ago,electronics,,
648.0,System,,740,SUP1
649.0,There,Electronics,75,SUP2
650.0,Indicate,Home,63,SUP1
651.0,Over,electronics,951,SUP2
652.0,When,Home,972.956378747472,SUP2
653.0,Without,Home,,SUP1
654.0,Process,HOME,893,
655.0,Event,electronics,,SUP2
656.0,Save,Home,invalid,SUP2
657.0,Across,,144.09082992219655,SUP2
658.0,Society,Home,,SUP2
659.0,Never,electronics,,SUP1
660.0,Yet,HOME,,SUP2
661.0,Get,Home,991.5233482463984,SUP1
662.0,Carry,HOME,invalid,
663.0,Political,HOME,,
664.0,As,HOME,,
665.0,Firm,Home,293,
666.0,Toward,Home,118,SUP1
667.0,Big,Home,,
668.0,Stand,,,
669.0,Conference,electronics,725,SUP2
670.0,Shake,,invalid,SUP2
671.0,True,Electronics,invalid,SUP2
672.0,So,,675.9598801620313,SUP2
673.0,East,,invalid,SUP1
674.0,Program,HOME,841,
675.0,Hope,Electronics,,SUP2
676.0,Worker,Home,,SUP2
677.0,Occur,HOME,,SUP1
678.0,Child,electronics,,SUP2
679.0,Find,Electronics,,SUP1
680.0,Ok,Electronics,invalid,
681.0,Ready,Electronics,947.5932581257762,
682.0,Show,electronics,invalid,SUP2
683.0,Ago,,,
684.0,Phone,HOME,,
685.0,Win,Home,invalid,
686.0,List,electronics,52,SUP2
687.0,Argue,Home,313.7906642667097,
688.0,Father,Electronics,982.9616999608239,
689.0,Help,electronics,248,SUP1
690.0,Amount,HOME,97,SUP1
691.0,Top,,856.7925593114796,
692.0,Another,Electronics,550,SUP2
693.0,Now,HOME,,
694.0,Boy,Electronics,invalid,SUP1
695.0,Common,,,SUP2
696.0,Whatever,electronics,383,SUP1
697.0,Feeling,Home,910,SUP1
698.0,Pull,electronics,882.2908207828748,SUP1
699.0,Simple,,417.3956549714624,
700.0,Senior,electronics,invalid,
701.0,Recently,HOME,899.1313034553148,SUP2
702.0,Best,Electronics,752,SUP2
703.0,International,,,
704.0,Congress,,,
705.0,Few,Home,64.53579617744018,
706.0,Almost,electronics,358,SUP1
707.0,Town,electronics,196,SUP2
708.0,National,electronics,,SUP2
709.0,Sound,Home,,
710.0,Could,HOME,invalid,SUP2
711.0,Generation,electronics,invalid,
712.0,Major,,240.77361727536018,
713.0,Act,Home,290,SUP2
714.0,I,electronics,,
715.0,Culture,Electronics,241,
716.0,Total,electronics,83.90735833145203,SUP1
717.0,Organization,electronics,175,SUP1
718.0,Agent,Home,213.8033767768166,SUP1
719.0,Character,HOME,,SUP1
720.0,Trial,Electronics,722.8373340347405,
721.0,To,Home,893,SUP1
722.0,Room,,985.1379632330957,
,Position,Home,invalid,SUP2
724.0,Already,Electronics,invalid,SUP1
725.0,At,,161,
726.0,Lot,,,SUP2
727.0,This,Home,,SUP2
728.0,Five,Electronics,917.5909261207987,SUP2
729.0,International,HOME,888,
730.0,Produce,electronics,294.04459312118854,SUP2
731.0,Safe,,invalid,SUP1
732.0,Movement,Home,,SUP1
733.0,Bar,,,SUP1
734.0,Perhaps,HOME,invalid,SUP1
735.0,Owner,,22,SUP2
736.0,Compare,Home,196.4655521471679,SUP2
737.0,Effect,Electronics,,SUP1
738.0,Candidate,HOME,invalid,SUP2
739.0,Produce,electronics,,SUP1
740.0,Fly,,181.26446700310964,
741.0,Significant,HOME,703.9193922208818,SUP1
742.0,Ago,Home,684,SUP1
743.0,True,HOME,,
,Ability,Electronics,,
745.0,Stuff,Electronics,,
746.0,Area,Electronics,,SUP1
747.0,Measure,Electronics,,
748.0,Floor,Electronics,invalid,SUP1
749.0,Beyond,Home,,
750.0,Business,Home,invalid,SUP1
751.0,Able,HOME,invalid,SUP2
752.0,Born,,993.6487694458211,SUP2
753.0,Section,electronics,,SUP1
754.0,Suddenly,HOME,,SUP2
755.0,Head,Electronics,invalid,
756.0,Even,HOME,464.1623897451718,SUP1
757.0,Hard,,invalid,
758.0,Age,electronics,invalid,SUP1
,Doctor,Home,invalid,
,True,HOME,,SUP1
761.0,Three,Home,153,SUP1
762.0,Democratic,Home,,SUP1
763.0,Most,Home,,
764.0,Billion,electronics,invalid,SUP1
765.0,Much,Home,invalid,SUP2
766.0,Budget,Electronics,60.131076666904754,SUP1
767.0,Want,HOME,invalid,
768.0,Four,Home,365,
769.0,Other,,,SUP2
770.0,City,electronics,12,SUP1
771.0,Thank,,627,SUP2
772.0,Pass,electronics,invalid,
773.0,Student,,346.42260495587135,
774.0,Note,,,SUP1
775.0,Assume,Home,,
776.0,Anyone,electronics,131.15899828733768,SUP1
777.0,Campaign,electronics,928,SUP2
778.0,Sometimes,Electronics,invalid,
,Most,electronics,741,SUP2
780.0,Special,Electronics,,SUP2
781.0,Believe,Home,,
782.0,Author,Electronics,686.3589742350916,SUP1
783.0,Purpose,,,SUP2
784.0,Buy,electronics,192,SUP1
785.0,Owner,HOME,404,SUP2
786.0,Lot,Electronics,,SUP1
787.0,Break,Electronics,792,SUP1
788.0,Career,HOME,11.01355945342397,
789.0,Role,HOME,993,SUP1
790.0,Whom,Electronics,invalid,
791.0,Participant,HOME,invalid,SUP2
792.0,View,Electronics,736.8539816369239,SUP1
793.0,Ball,Electronics,614,SUP2
794.0,Sister,Electronics,83.70047622136377,SUP1
795.0,For,electronics,,
796.0,Ability,,463.8404271505817,SUP2
797.0,New,electronics,invalid,SUP2
,Floor,Electronics,,SUP1
799.0,Alone,Home,550.1172972424102,SUP2
800.0,Act,Electronics,486,
801.0,Attack,HOME,507.542220083281,
802.0,Occur,electronics,,
803.0,Easy,Home,,
804.0,Other,HOME,406.51816423622677,
805.0,Hundred,electronics,invalid,SUP2
806.0,Instead,Electronics,533.2176910228027,SUP2
807.0,Represent,Electronics,267.42035349991914,SUP1
808.0,Upon,Electronics,932,SUP1
809.0,Game,electronics,620,
810.0,Ask,electronics,783,SUP1
811.0,Certainly,,821.2284887570587,SUP2
812.0,Throughout,Home,invalid,
813.0,Individual,Electronics,invalid,SUP1
814.0,Miss,HOME,invalid,SUP2
815.0,High,HOME,686.7315944529925,
816.0,Performance,electronics,574,SUP2
817.0,Wide,Home,24.66261248438048,SUP1
818.0,Do,electronics,,SUP2
819.0,On,Home,,
820.0,Budget,Home,,SUP1
821.0,Special,Electronics,913,SUP1
822.0,Garden,HOME,151.53194041988922,
823.0,Hard,Home,894,SUP2
824.0,But,electronics,invalid,
,Right,HOME,747,SUP1
826.0,Federal,Home,867,SUP1
827.0,Book,electronics,853,SUP2
828.0,Meet,electronics,827,SUP1
829.0,Catch,,,SUP2
830.0,Affect,HOME,995,SUP2
831.0,Quality,Home,,
,Figure,Electronics,invalid,
833.0,Difference,electronics,554,SUP2
,Adult,Home,338.8184458059795,
835.0,Investment,HOME,,SUP1
836.0,Consumer,,,
837.0,Understand,Electronics,,
838.0,Leg,Electronics,15,
,Role,,invalid,SUP2
840.0,Necessary,HOME,,
841.0,Author,electronics,770.642987120886,
842.0,Pattern,HOME,,SUP2
843.0,Health,Electronics,,
844.0,Professional,electronics,858,SUP1
845.0,Democratic,electronics,,SUP1
846.0,Military,electronics,664.6489373550336,
847.0,Short,HOME,,SUP1
848.0,Local,,31.654469724016945,SUP1
849.0,Talk,,,SUP2
850.0,Special,Home,406,SUP1
851.0,Prepare,Electronics,668,SUP2
852.0,Return,,723,SUP2
853.0,Market,Home,invalid,
854.0,Laugh,Electronics,invalid,SUP2
,Site,HOME,956,SUP2
856.0,Boy,,629.9879134215752,SUP1
857.0,End,,,
858.0,Enjoy,,967.3848291581911,SUP1
859.0,Also,Electronics,180.05879982177183,
860.0,This,,487,SUP2
861.0,Him,HOME,151.56695226005192,SUP2
,This,Electronics,,
863.0,Cup,HOME,397.54937335257637,
864.0,Yes,Home,,SUP2
865.0,Small,electronics,388,SUP1
866.0,Theory,Home,177.1722734480547,
867.0,Back,electronics,506.6126930776553,SUP2
,City,HOME,440,SUP1
869.0,Whole,Home,invalid,SUP1
870.0,Pay,HOME,225,SUP1
871.0,Rise,,,SUP1
872.0,Area,,,SUP1
873.0,Trade,,769,SUP1
874.0,During,electronics,,SUP2
875.0,Risk,,980,SUP2
876.0,Investment,Home,337.7135321492533,SUP2
877.0,Trade,Home,365.8217491860722,SUP2
878.0,Only,Home,308.6821999757169,SUP2
879.0,Talk,HOME,invalid,SUP2
880.0,Issue,Home,586.8577893676639,
881.0,Rise,,,
882.0,Must,electronics,820.1012651493784,SUP2
883.0,Building,,116.75362943965993,SUP1
884.0,Among,,invalid,SUP1
885.0,Beat,HOME,invalid,
886.0,Claim,Home,invalid,SUP1
887.0,Manager,Home,,SUP2
888.0,Material,electronics,,SUP2
889.0,For,HOME,,SUP2
890.0,North,electronics,invalid,SUP2
891.0,Strategy,,invalid,SUP2
892.0,Wall,HOME,608.9725202708727,SUP1
893.0,Resource,Electronics,148,SUP2
894.0,Class,,invalid,SUP2
895.0,Operation,Home,685,SUP2
896.0,Garden,,,
897.0,Reduce,,873,SUP2
898.0,Help,HOME,632.5563609903289,
899.0,Democratic,electronics,invalid,SUP1
900.0,Writer,Electronics,,SUP1
901.0,Sea,Electronics,invalid,SUP1
902.0,Hand,,,
903.0,Ok,Home,,
904.0,Always,Home,389,SUP1
905.0,War,electronics,invalid,SUP2
906.0,Truth,electronics,153,
907.0,Within,Electronics,,SUP2
908.0,Should,,624.4394925948366,SUP2
909.0,Time,Electronics,285,SUP1
910.0,Sing,,965,
911.0,Enough,HOME,invalid,SUP2
912.0,Carry,electronics,601.2724305781755,SUP2
913.0,Kind,Home,,SUP2
914.0,Return,electronics,195,SUP1
915.0,Out,electronics,969.2601333373017,SUP1
916.0,Manage,,556,SUP2
917.0,Interesting,Electronics,invalid,
918.0,Pay,electronics,757,SUP1
919.0,Cup,electronics,,SUP2
920.0,Learn,Electronics,invalid,SUP2
921.0,Country,electronics,221,
922.0,Condition,Electronics,invalid,
923.0,Behavior,electronics,508.0741794351368,
924.0,Raise,HOME,822.8338332247665,
925.0,Social,Home,936.106064385742,SUP1
926.0,Pressure,,636.9042430280591,
927.0,Police,HOME,,SUP2
928.0,Choose,electronics,848.198573361199,SUP2
929.0,City,,,
930.0,Resource,HOME,151.54959454432017,SUP2
931.0,Meeting,,invalid,
932.0,Easy,Home,,SUP2
933.0,Possible,Electronics,621,SUP2
934.0,Image,,110.1279739061075,SUP2
935.0,Have,electronics,,
936.0,Community,HOME,138,SUP1
937.0,Senior,,458,SUP1
938.0,War,,,SUP1
939.0,Evidence,Home,,SUP2
940.0,Hair,HOME,invalid,SUP1
941.0,Prevent,HOME,699,
942.0,She,Electronics,invalid,SUP2
,Big,Electronics,642,SUP2
944.0,Particularly,,,SUP2
945.0,Particular,,753,SUP2
946.0,Rate,,invalid,
947.0,Evidence,Electronics,962.5090181234406,
948.0,Interesting,,100,SUP1
949.0,Certainly,electronics,invalid,SUP1
950.0,Debate,HOME,628.1477540655361,SUP1
951.0,Whether,HOME,132.77344876569794,SUP1
952.0,Value,Home,775.6555832099061,SUP1
953.0,Sell,,195.42896258673068,
954.0,Crime,HOME,748.5455237489865,SUP2
955.0,Road,HOME,779.1040276496428,
956.0,Moment,Electronics,invalid,
957.0,Employee,electronics,387.5637145367208,SUP1
958.0,Product,,741,
959.0,How,electronics,228.05319445357958,SUP1
960.0,Song,Home,invalid,SUP1
961.0,Manager,Home,119,
962.0,Five,Home,729,SUP1
,Remain,HOME,441,SUP1
964.0,Program,Electronics,,
965.0,Energy,electronics,589.0753744603189,SUP2
966.0,Race,Home,689,SUP1
967.0,Laugh,HOME,942,SUP2
968.0,Town,HOME,invalid,SUP1
,Message,,80.67407416010487,SUP2
970.0,Food,,invalid,SUP2
971.0,Win,HOME,,SUP2
972.0,Sound,electronics,invalid,SUP1
973.0,Debate,Electronics,860.834484258845,SUP1
974.0,Word,,,SUP2
975.0,Decade,Home,,SUP1
976.0,Television,HOME,,SUP1
977.0,Rate,,969,SUP1
978.0,Million,,,SUP2
979.0,Building,Electronics,,SUP1
980.0,Run,,406.2354496824423,SUP1
981.0,Happen,Home,532.3555944167086,SUP2
982.0,Reach,HOME,invalid,SUP1
983.0,Theory,Electronics,950.0201994000787,SUP2
984.0,Head,electronics,,SUP2
985.0,Federal,Electronics,invalid,SUP2
986.0,West,Electronics,362,
987.0,Miss,,973,SUP1
988.0,Cell,Electronics,invalid,SUP1
989.0,His,HOME,920.7735332142057,
990.0,Matter,,586.2417171748513,
991.0,Run,,,
992.0,Always,,607,SUP1
993.0,View,electronics,,SUP2
994.0,Bag,HOME,,
995.0,Throw,HOME,442,SUP2
996.0,Six,HOME,,SUP2
997.0,Expert,,409,
998.0,Beyond,electronics,,SUP2
999.0,Often,,invalid,SUP1
